{
  "mu_ac": [
    -164.13214111328125,
    62.931304931640625,
    -6.247136116027832,
    -0.8880979418754578,
    -13.398326873779297,
    -13.962450981140137,
    -16.577407836914062,
    -11.650165557861328,
    -10.504928588867188,
    -7.279244899749756,
    -6.235803604125977,
    -3.6867258548736572,
    -6.134538173675537,
    64.65152740478516,
    31.675270080566406,
    22.245302200317383,
    18.531612396240234,
    14.017021179199219,
    13.999673843383789,
    11.605847358703613,
    10.848766326904297,
    10.52964973449707,
    9.569194793701172,
    8.9617919921875,
    8.809713363647461,
    8.560651779174805,
    34.330745697021484,
    1.0385466814041138,
    32.66390609741211,
    36.30794143676758
  ],
  "sd_ac": [
    93.88427734375,
    29.61461067199707,
    26.421123504638672,
    18.963193893432617,
    15.334632873535156,
    12.816194534301758,
    11.666232109069824,
    8.964385032653809,
    9.610589027404785,
    7.960797309875488,
    7.576957702636719,
    6.889896869659424,
    8.111141204833984,
    26.929866790771484,
    11.039838790893555,
    6.997621059417725,
    6.0148468017578125,
    4.091324806213379,
    3.9869446754455566,
    3.2497637271881104,
    2.831786870956421,
    2.6226820945739746,
    2.401747226715088,
    2.1836373805999756,
    2.1139259338378906,
    2.1282777786254883,
    212.338134765625,
    5.4662861824035645,
    210.2416229248047,
    215.23780822753906
  ]
}